{
  "name": "angular-filter",
  "main": "dist/angular-filter.js",
  "description": "Bunch of useful filters for angularJS(with no external dependencies!)",
  "version": "0.5.17",
  "license": "MIT",
  "repository": {
    "type": "git",
    "url": "https://github.com/a8m/angular-filter.git"
  },
  "dependencies": {
    "angular": ">=1.4.3"
  },
  "devDependencies": {
    "angular-mocks": "1.4.3"
  },
  "ignore": [
    "node_modules",
    "bower_components",
    "package.json",
    "lib",
    "test",
    "src",
    "Gruntfile.js",
    ".gitignore",
    "README.md",
    "travis.yml",
    ".bowercc"
  ],
  "homepage": "https://github.com/a8m/angular-filter",
  "_release": "0.5.17",
  "_resolution": {
    "type": "version",
    "tag": "v0.5.17",
    "commit": "8285ffda674181667ef1ddc32b92b7d6bd6c3711"
  },
  "_source": "https://github.com/a8m/angular-filter.git",
  "_target": "^0.5.17",
  "_originalSource": "angular-filter"
}