{
  "name": "angular-ui-router",
  "description": "State-based routing for AngularJS",
  "license": "MIT",
  "main": "./release/angular-ui-router.js",
  "dependencies": {
    "angular": ">= 1.2.0"
  },
  "ignore": [
    "**/.*",
    "**/tsconfig.json",
    "**/tsconfig.typedoc.json",
    "**/webpack.config.js",
    "**/node_modules",
    "package.json",
    "scripts",
    "test",
    "src"
  ],
  "version": "1.0.17",
  "homepage": "https://github.com/angular-ui/angular-ui-router-bower",
  "_release": "1.0.17",
  "_resolution": {
    "type": "version",
    "tag": "1.0.17",
    "commit": "ce6ddeb7294dac6be370fd027839436572293047"
  },
  "_source": "https://github.com/angular-ui/angular-ui-router-bower.git",
  "_target": "^1.0.11",
  "_originalSource": "angular-ui-router"
}