{
    "agreement": {
        "type": "string"
    },
    "guarantee": {
        "type": "string"
    },
   "overrides": {
        "type": "array",
        "items":{
            "$ref": "#/override"
        }
   },
    "override": {
        "type": "object",
        "properties": {
            "scope": {
                "type": "object"
            },
            "period": {
                "type": "object",
                "properties": {
                    "from": {
                        "type": "string"
                    },
                    "to": {
                        "type": "string"
                    }
                }
            },
            "id": {
                "type": "string"
            },
            "evidences": {
                "type": "object"
            },
            "comment": {
                "type": "string"
            }
        }
        }

}