{
  "name": "angular-sanitize",
  "version": "1.7.0",
  "license": "MIT",
  "main": "./angular-sanitize.js",
  "ignore": [],
  "dependencies": {
    "angular": "1.7.0"
  },
  "homepage": "https://github.com/angular/bower-angular-sanitize",
  "_release": "1.7.0",
  "_resolution": {
    "type": "version",
    "tag": "v1.7.0",
    "commit": "0e4e02e325180a7f6da63557efded0c65077ab7d"
  },
  "_source": "https://github.com/angular/bower-angular-sanitize.git",
  "_target": "^1.6.10",
  "_originalSource": "angular-sanitize"
}